{
	"projects": [
		{
			"name": "Jugs",
			"author": "Meurig Beynon",
			"year": "1998",
			"description": "Original jugs model converted into JS-Eden form",
			"runfile": "models/jugs/run.e"
		},
		{
			"name": "JSPE",
			"author": "Meurig Beynon / Hui Zhu",
			"year": "2012",
			"description": "Installs a presentation environment.",
			"runfile": "models/jspe/run.e"
		},
		{
			"name": "Jugs Presentation",
			"author": "Meurig Beynon",
			"year": "2013",
			"description": "Presents the Jugs Model in the presentation environment JSPE",
			"runfile": "models/cs405/JUGSinJS-E/jugspres.e"
		},
		{
			"name": "Malaria",
			"author": "?",
			"year": "?",
			"description": "Modelling Malaria",
			"runfile": "models/malaria/malariaA.jse"
		},
		{
			"name": "Number-Line Port",
			"author": "Jess Nickson",
			"year": "2011",
			"description": "Port of 'The Inequality Game' game by Antony Harfield to JS-Eden",
			"runfile": "models/numberLine/run.e"
		},
		{
			"name": "2-Ball Eightball",
			"author": "Jess Nickson",
			"year": "2012",
			"description": "Initial shot for a game of Eightball",
			"runfile": "models/poolTable/2Ball/run.e"
		},
		{
			"name": "Parallel Parking",
			"author": "Matt Cranham",
			"year": "2012",
			"description": "Parallel parking model",
			"runfile": "models/parpar/run.jse"
		}
	]
}
