{
    "dependencies": {
    },
    "replacing": {
    },
    "description": "Configures apt and apt services",
    "groupings": {
    },
    "platforms": {
      "ubuntu": [

      ],
      "debian": [

      ]
    },
    "version": "0.8.0",
    "recommendations": {
    },
    "name": "apt",
    "maintainer": "Opscode, Inc.",
    "long_description": "",
    "recipes": {
      "apt::proxy": "Set up an APT proxy",
      "apt::cacher": "Set up an APT cache"
    },
    "suggestions": {
    },
    "maintainer_email": "cookbooks@opscode.com",
    "attributes": {
    },
    "conflicting": {
    },
    "license": "Apache 2.0",
    "providing": {
    }
  }